level	page_num	block_num	par_num	line_num	word_num	left	top	width	height	conf	text
5	1	1	1	1	1	531	70	18	27	66.782166	8
5	1	1	1	1	2	1105	70	16	26	92.868912	7
5	1	1	1	1	3	1676	70	16	27	96.458023	6
5	1	1	1	1	4	2246	70	18	27	86.845276	5
5	1	1	1	1	5	2524	79	36	35	40.794453	‘i
5	1	1	1	1	6	2816	70	19	27	96.985870	4
5	1	1	1	1	7	3391	70	18	27	44.652122	3
5	1	1	1	1	8	3965	72	15	24	96.155014	2
5	1	1	1	1	9	4532	71	7	25	47.784897	1
5	1	1	1	2	1	2934	156	97	19	75.142891	SIGNALS
5	1	1	1	2	2	3051	157	17	17	57.277946	&
5	1	1	1	2	3	3089	157	64	18	95.935371	LINES
5	1	1	1	2	4	3856	155	208	28	95.890465	EQUIPMENT
5	1	1	1	2	5	4409	155	208	28	94.716904	EQUIPMENT
5	1	1	1	3	1	2818	214	101	7	56.215576	wes
5	1	1	1	3	2	2942	202	103	13	56.215576	CONNECTION
5	1	1	1	3	3	3058	202	19	13	82.119331	TO
5	1	1	1	3	4	3091	202	75	13	82.119331	PROCESS
5	1	1	1	3	5	3180	202	21	13	94.142677	OR
5	1	1	1	3	6	3215	202	100	13	89.570732	MECHANICAL
5	1	1	1	4	1	2943	218	33	12	34.902477	LINE
5	1	1	1	4	2	2989	218	21	12	12.414284	O8
5	1	1	1	4	3	3025	218	100	12	11.946850	INSTRUMENT.
5	1	1	1	4	4	3138	218	62	12	88.340599	SUPPLY
5	1	1	1	4	5	3730	220	65	30	45.082253	EC
5	1	1	1	4	6	3993	230	73	13	85.645927	ELECTRIC
5	1	1	1	4	7	4081	230	59	13	85.645927	HEATER
5	1	1	1	4	8	4309	208	44	47	36.639748	6)
5	1	1	1	4	9	4481	228	90	13	85.626038	COMPRESSOR
5	1	1	1	5	1	2818	248	101	19	0.000000	js
5	1	1	1	5	2	2943	251	192	12	67.626785	PNEUMATIC_SIGNAL_OR
5	1	1	1	5	3	3150	251	90	12	71.034233	UNDEFINED.
5	1	1	1	6	1	2943	266	56	13	96.303520	SIGNAL
5	1	1	1	6	2	3012	266	30	12	96.533569	FOR
5	1	1	1	6	3	3056	266	75	13	96.613571	PROCESS
5	1	1	1	6	4	3146	266	41	13	96.401955	FLOW
5	1	1	1	6	5	3201	266	78	12	95.817253	DIAGRAMS
5	1	1	1	6	6	3745	261	91	29	0.000000	—-,
5	1	1	1	6	7	3994	260	87	23	61.255188	MECHANICAL,
5	1	1	1	6	8	4323	260	25	23	33.748837	aS
5	1	1	1	6	9	4486	263	54	13	94.863113	CHECK
5	1	1	1	6	10	4553	263	47	13	95.790550	VALVE
5	1	1	1	7	1	2818	298	101	1	66.114166	—————
5	1	1	1	7	2	2943	290	73	13	95.806549	ELECTRIC
5	1	1	1	7	3	3030	290	56	13	96.398254	SIGNAL
5	1	1	1	7	4	3994	279	32	33	92.051765	SEAL
5	1	1	1	7	5	4316	290	36	24	41.514404	imal
5	1	1	1	7	6	4486	294	76	13	96.172440	WEIGHING
5	1	1	1	7	7	4576	294	60	13	96.627167	SYSTEM
5	1	1	1	8	1	3748	309	4	21	90.334068	\
5	1	1	1	8	2	3823	309	4	23	78.195755	/
5	1	1	1	8	3	3994	318	25	13	95.750549	ASH
5	1	1	1	8	4	4031	318	52	13	95.868347	HOPPER
5	1	1	1	9	1	202	310	18	26	83.190628	H
5	1	1	1	9	2	2942	323	61	31	32.703415	CALLS
5	1	1	1	9	3	3019	323	56	28	0.000000	yarn
5	1	1	1	9	4	3087	323	10	31	0.000000	>
5	1	1	1	9	5	3752	331	3	7	8.130007	_
5	1	1	1	9	6	3995	354	34	12	49.366573	POKE
5	1	1	1	9	7	4040	354	33	12	96.101814	HOLE
5	1	1	1	9	8	4318	329	34	27	32.488117	|
5	1	1	1	9	9	4487	336	173	13	57.582821	ELECTRO-VIBRATORS
5	1	1	1	9	10	4855	310	18	26	24.563316	5
5	1	1	1	10	1	2818	372	101	13	0.000000	—bk—-—
5	1	1	1	10	2	2943	370	87	12	15.633221	HYDRAULIC
5	1	1	1	10	3	3044	370	56	12	56.549946	SIGNAL
5	1	1	1	10	4	3995	378	61	12	94.927795	CRUSHER
5	1	1	1	10	5	4314	359	38	28	62.616459	Dec]
5	1	1	1	10	6	4485	367	42	13	92.904175	GLOBE
5	1	1	1	10	7	4538	367	40	13	92.904175	VALVE
5	1	1	1	11	1	2943	403	150	13	84.498245	ELECTROMAGNETIC
5	1	1	1	11	2	3107	403	21	13	81.102760	OR
5	1	1	1	11	3	3141	403	48	13	80.796463	SONIC.
5	1	1	1	11	4	3203	403	56	13	93.248909	SIGNAL
5	1	1	1	11	5	4326	389	15	14	1.109886	A
5	1	1	1	11	6	4486	392	50	13	87.414551	NEEDLE
5	1	1	1	11	7	4546	392	41	13	87.414551	VALVE
5	1	1	1	11	8	4665	375	52	51	75.231598	/\
5	1	1	1	12	1	2848	418	53	7	0.000000	TT
5	1	1	1	12	2	2909	413	8	30	0.000000	~
5	1	1	1	12	3	2943	420	76	18	59.581318	(WITHOUT
5	1	1	1	12	4	3031	422	54	12	93.948013	WIRING
5	1	1	1	12	5	3099	422	21	12	95.503792	OR
5	1	1	1	12	6	3133	420	65	18	94.138252	TUBING)
5	1	1	1	12	7	3815	419	29	29	29.402065	7)
5	1	1	1	12	8	3995	423	25	13	95.354172	MAC
5	1	1	1	12	9	4031	423	71	13	95.354172	CONVEYOR
5	1	1	1	12	10	4112	423	31	13	94.732513	WITH
5	1	1	1	12	11	4154	423	36	13	94.732513	SPILL
5	1	1	1	12	12	4325	412	46	43	28.559694	&
5	1	1	1	12	13	4490	428	68	12	89.421173	PRESSURE
5	1	1	1	12	14	4569	428	76	12	89.421173	REGULATOR
5	1	1	1	13	1	2818	445	101	14	28.129129	sebeee
5	1	1	1	13	2	2943	450	38	13	66.931625	HEAT
5	1	1	1	13	3	2993	450	67	13	94.255051	TRACING
5	1	1	1	13	4	3995	442	39	13	96.807388	CHAIN
5	1	1	1	14	1	2943	469	137	13	86.201019	E=ELECTRICALLY
5	1	1	1	14	2	3091	469	62	13	95.502480	TRACED
5	1	1	1	14	3	3749	465	60	41	22.586235	ce
5	1	1	1	14	4	3995	489	89	12	60.611015	VIBROFEEDER
5	1	1	1	14	5	4308	462	40	37	65.415451	vk
5	1	1	1	14	6	4495	477	48	12	96.294006	SAFETY
5	1	1	1	14	7	4553	477	41	12	93.112358	VALVE
5	1	1	1	14	8	4605	477	17	12	93.112358	OR
5	1	1	1	14	9	4633	477	60	12	95.702965	RUPTURE
5	1	1	1	14	10	4704	477	28	12	94.947517	DISC
5	1	1	1	15	1	3752	517	88	30	47.321682	Sees
5	1	1	1	15	2	3995	524	38	13	95.831917	MIXER
5	1	1	1	15	3	4318	506	39	50	57.332687	=
5	1	1	1	15	4	4497	511	41	13	95.792908	FILTER
5	1	1	1	16	1	4497	545	50	12	96.652863	NOZZLE
5	1	1	1	17	1	307	560	118	15	4.686146	INSTRUMENT
5	1	1	1	17	2	439	560	28	14	4.686146	AIR
5	1	1	1	17	3	696	564	65	18	77.485321	V540H
5	1	1	1	17	4	3770	567	39	28	89.832962	S
5	1	1	1	17	5	3995	569	21	13	95.556190	AIR
5	1	1	1	17	6	4330	579	6	6	71.213966	°
5	1	1	1	17	7	4497	570	75	19	92.769684	AIR/WATER
5	1	1	1	17	8	4583	573	35	12	96.038872	INLET
5	1	1	1	18	1	288	591	142	18	78.535942	12PBO01-PID-403
5	1	1	1	18	2	441	589	43	25	59.363632	(G-B)
5	1	1	1	18	3	507	585	195	13	0.000000	>2LS=S4
5	1	1	1	18	4	607	581	23	37	20.508385	He
5	1	1	1	18	5	635	585	66	13	0.000000	ACY=25
5	1	1	1	18	6	711	594	29	13	25.963259	pg
5	1	1	1	18	7	1998	594	14	13	41.272461	a
5	1	1	1	18	8	3995	588	72	13	96.126816	RESERVOIR
5	1	1	1	19	1	4319	601	29	29	32.438034	fae)
5	1	1	1	19	2	4497	610	44	13	96.669807	MOTOR
5	1	1	1	20	1	3751	604	72	107	0.000000	Fo
5	1	1	1	20	2	3996	654	27	12	43.732315	silo
5	1	1	1	20	3	4320	650	22	38	49.902069	3}
5	1	1	1	20	4	4497	664	22	12	40.102257	AIR.
5	1	1	1	20	5	4532	664	26	12	79.239807	FAN
5	1	1	1	21	1	320	695	78	14	90.598831	SERVICE
5	1	1	1	21	2	412	695	29	14	90.598831	AIR
5	1	1	1	21	3	696	698	65	19	84.597992	V541H
5	1	1	1	21	4	3442	679	139	28	90.854294	DIVERTER
5	1	1	1	21	5	3605	679	90	28	96.134583	VALVE
5	1	1	1	21	6	4321	688	29	43	39.023216	mW
5	1	1	1	22	1	201	719	19	26	11.190042	GPP
5	1	1	1	22	2	288	726	142	18	0.000000	teppoot-pip-go2
5	1	1	1	22	3	442	723	41	26	6.844578	(ane)
5	1	1	1	22	4	507	720	233	21	2.175512	2228S
5	1	1	1	22	5	596	711	28	42	7.593079	UH
5	1	1	1	22	6	634	720	67	21	0.000000	Hy=28
5	1	1	1	22	7	708	711	35	42	38.762054	pg
5	1	1	1	22	8	1925	728	13	13	21.464649	a
5	1	1	1	22	9	3429	719	278	28	52.714607	11520-M-FG-03
5	1	1	1	22	10	3982	736	61	13	0.000000	onERTER
5	1	1	1	22	11	4494	718	78	12	95.905991	SILENCER
5	1	1	1	22	12	4854	718	19	27	64.218040	C
5	1	1	1	23	1	3982	755	39	13	95.266220	VALVE
5	1	1	1	23	2	4311	741	46	49	42.549911	I~
5	1	1	1	23	3	4493	767	82	13	92.886879	VIBRATION
5	1	1	1	23	4	4588	767	87	13	95.280014	ABSORBER
5	1	1	1	24	1	585	801	44	33	40.145912	|
5	1	1	1	24	2	1125	827	26	14	50.264458	=|
5	1	1	1	24	3	1191	796	139	28	74.599953	DIVERTER
5	1	1	1	24	4	1354	796	90	28	96.825813	VALVE
5	1	1	1	24	5	1899	801	44	33	31.231953	ih
5	1	1	1	24	6	2433	827	25	14	79.116524	=|
5	1	1	1	24	7	2502	802	140	28	90.237389	DIVERTER
5	1	1	1	24	8	2666	802	89	28	96.994453	VALVE
5	1	1	1	24	9	3129	800	44	33	38.183231	ih
5	1	1	1	24	10	3604	827	26	14	93.170868	=
5	1	1	1	24	11	3739	782	113	71	33.495121	‘Ca
5	1	1	1	24	12	3995	817	86	13	31.730999	POSTQOLER
5	1	1	1	24	13	4092	817	70	13	33.221245	COWETOR
5	1	1	1	24	14	4173	817	31	13	73.311432	WT
5	1	1	1	24	15	4315	830	42	1	62.291782	_
5	1	1	1	24	16	4493	830	72	13	0.000000	syenune
5	1	1	1	24	17	4576	830	36	13	32.850613	sure
5	1	1	1	24	18	4623	830	31	13	36.164745	ox
5	1	1	1	25	1	1899	836	44	9	18.543901	4
5	1	1	1	25	2	3129	836	12	9	16.692076	a
5	1	1	1	25	3	4005	815	13	39	2.625151	oi
5	1	1	1	25	4	4366	836	44	15	45.243282	=n
5	1	1	1	26	1	585	836	44	32	58.330364	ao
5	1	1	1	26	2	1125	843	26	26	48.726974	&}
5	1	1	1	26	3	1179	836	277	28	32.582787	11920-M-FG-02
5	1	1	1	26	4	1899	847	44	21	27.189398	ag
5	1	1	1	26	5	2433	843	26	26	37.431835	&)
5	1	1	1	26	6	2490	842	278	28	58.639370	11520-M-FC-03
5	1	1	1	26	7	3129	846	13	21	35.043674	a
5	1	1	1	26	8	3161	846	12	21	53.543213	2
5	1	1	1	26	9	3604	843	26	26	66.300346	a
5	1	1	1	26	10	3995	836	60	13	1.707458	_—
5	1	1	1	26	11	4316	857	41	1	81.729233	=
5	1	1	1	26	12	4493	849	39	13	18.515339	vate
5	1	1	1	27	1	592	871	1	11	41.148865	ty
5	1	1	1	27	2	1905	871	33	10	34.755970	to
5	1	1	1	27	3	3136	870	1	11	31.277405	i
5	1	1	1	27	4	3750	862	36	34	11.018171	iota
5	1	1	1	27	5	3995	872	71	13	92.407127	HYDRAULIC
5	1	1	1	27	6	4077	872	61	13	89.771759	CONTROL
5	1	1	1	27	7	4149	872	28	12	89.771759	UNIT
5	1	1	1	27	8	4493	879	51	13	96.199112	MANUAL
5	1	1	1	27	9	4554	879	36	13	62.824722	SLIDE
5	1	1	1	27	10	4601	879	31	13	82.200920	CATE
5	1	1	1	28	1	585	919	44	22	10.350647	O14
5	1	1	1	28	2	1124	916	22	31	36.088005	Ss
5	1	1	1	28	3	1899	919	12	22	7.182083	a)
5	1	1	1	28	4	1930	919	13	22	59.724800	7
5	1	1	1	28	5	2436	921	18	14	94.758575	2
5	1	1	1	28	6	3129	918	44	22	28.863625	oe
5	1	1	1	28	7	3607	921	18	14	93.581253	2
5	1	1	1	28	8	3771	900	35	46	29.095173	V)
5	1	1	1	28	9	3992	922	44	12	85.685326	SURGE
5	1	1	1	28	10	4047	922	20	12	91.746468	BIN
5	1	1	1	29	1	585	944	12	9	0.000000	oo]
5	1	1	1	29	2	617	944	12	9	54.709137	0
5	1	1	1	29	3	1128	937	18	20	14.312983	o
5	1	1	1	29	4	1899	944	12	8	50.750160	wo]
5	1	1	1	29	5	1930	944	13	8	46.198647	oo
5	1	1	1	29	6	2436	937	18	20	22.066174	a
5	1	1	1	29	7	3129	943	13	9	64.971252	w|
5	1	1	1	29	8	3161	943	12	9	46.947121	«|
5	1	1	1	29	9	3607	937	18	20	37.483692	a
5	1	1	1	29	10	4312	944	39	12	34.515541	a]
5	1	1	1	29	11	4489	940	74	13	93.279457	FLEXIBLE
5	1	1	1	29	12	4577	940	43	13	93.548508	HOSE
5	1	1	1	30	1	585	956	44	17	0.000000	SS
5	1	1	1	30	2	1124	952	22	31	46.687473	Ss
5	1	1	1	30	3	1899	955	12	17	12.057629	Ss)
5	1	1	1	30	4	1931	958	12	14	52.753029	5
5	1	1	1	30	5	2432	952	22	31	48.928116	P=
5	1	1	1	30	6	3129	955	44	17	12.298021	SS
5	1	1	1	30	7	3607	960	18	16	69.075668	Ss
5	1	1	1	31	1	585	980	44	16	33.586548	ae
5	1	1	1	31	2	1128	977	18	29	87.842079	=
5	1	1	1	31	3	1899	980	12	16	48.848999	a
5	1	1	1	31	4	1930	980	13	16	65.029015	x
5	1	1	1	31	5	2436	977	18	29	95.469032	=
5	1	1	1	31	6	3129	980	44	16	44.592102	xt
5	1	1	1	31	7	3607	977	18	29	91.823120	=
5	1	1	1	31	8	3773	946	31	60	45.948898	0)
5	1	1	1	31	9	3993	973	69	13	95.389351	PRESSURE
5	1	1	1	31	10	4072	973	49	13	95.389351	VESSEL
5	1	1	1	31	11	4328	971	16	15	82.547585	o
5	1	1	1	31	12	4490	972	76	13	96.802277	REDUCER
5	1	1	1	32	1	1128	1007	18	16	74.829399	x
5	1	1	1	32	2	2436	1007	18	16	76.968224	x
5	1	1	1	32	3	3607	1007	18	16	64.523811	x
5	1	1	1	32	4	3765	1011	45	17	3.847485	—
5	1	1	1	32	5	3993	1011	35	13	92.553589	AXIAL
5	1	1	1	32	6	4039	1011	72	13	92.553589	EXPANSION
5	1	1	1	32	7	4122	1011	37	12	80.239731	JOINT
5	1	1	1	32	8	4177	1003	9	31	23.816380	=
5	1	1	1	32	9	4193	1009	10	17	72.939842	/
5	1	1	1	32	10	4214	983	8	43	48.007401	:
5	1	1	1	32	11	4233	1009	10	17	90.917648	\
5	1	1	1	32	12	4325	997	15	35	64.197311	UJ
5	1	1	1	32	13	4488	1006	91	13	82.844147	EXPANSION
5	1	1	1	32	14	4593	1006	45	13	82.844147	JOINT
5	1	1	1	33	1	204	1128	16	26	87.800003	F
5	1	1	1	33	2	4857	1128	17	26	88.621918	F
5	1	1	1	34	1	364	1181	118	17	96.842369	CLEANING
5	1	1	1	34	2	502	1181	43	17	96.633759	AND
5	1	1	1	34	3	637	1185	28	12	3.289795	711
5	1	1	1	34	4	672	1185	161	13	3.289795	48-537H=HCY—15
5	1	1	1	34	5	1557	1181	118	17	96.836372	CLEANING
5	1	1	1	34	6	1695	1181	43	17	96.781143	AND
5	1	1	1	34	7	1951	1185	195	13	61.804638	71418=534H=HCY-15
5	1	1	1	34	8	2788	1181	117	17	95.980873	CLEANING
5	1	1	1	34	9	2925	1181	44	17	96.961151	AND
5	1	1	1	34	10	3182	1186	195	12	58.958908	71118=531H=HCY-15
5	1	1	1	35	1	375	1206	101	17	86.841118	COOLING
5	1	1	1	35	2	497	1206	38	17	44.088593	AIR
5	1	1	1	35	3	1568	1206	101	17	84.513969	COOLING
5	1	1	1	35	4	1690	1206	38	17	58.169548	AIR
5	1	1	1	35	5	2798	1206	102	17	31.962299	COOLING
5	1	1	1	35	6	2920	1206	38	17	96.219315	AIR
5	1	1	1	36	1	527	1242	50	19	75.815292	V532
5	1	1	1	36	2	589	1238	18	41	53.437138	NK
5	1	1	1	36	3	760	1242	67	33	11.561031	KVoSZ
5	1	1	1	36	4	1841	1242	50	19	80.213646	V533
5	1	1	1	36	5	1907	1246	13	29	33.696663	4
5	1	1	1	36	6	2074	1242	63	34	0.000000	xvod
5	1	1	1	36	7	3071	1242	51	19	77.144592	V535
5	1	1	1	36	8	3133	1238	18	41	23.560291	NK
5	1	1	1	36	9	3304	1242	63	33	0.000000	KVo5)
5	1	1	1	37	1	2134	1269	20	12	96.203178	AH
5	1	1	1	38	1	510	1287	94	18	80.775101	M-TP209
5	1	1	1	38	2	677	1287	94	18	0.000000	umes
5	1	1	1	38	3	785	1258	75	64	33.007225	sf)
5	1	1	1	38	4	1824	1287	94	18	54.650574	M-TP219
5	1	1	1	38	5	1990	1288	94	17	0.000000	u-rish
5	1	1	1	38	6	2103	1258	70	64	29.047098	ff)
5	1	1	1	38	7	3054	1287	94	18	72.640793	M-TP229
5	1	1	1	38	8	3221	1287	114	31	0.000000	umes
5	1	1	1	38	9	3366	1258	38	64	0.000000	FY)
5	1	1	1	38	10	4445	1267	195	31	80.445435	DELIVERY
5	1	1	1	38	11	4677	1267	98	31	80.445435	LIMIT
5	1	1	1	39	1	762	1322	14	18	6.031008	¥
5	1	1	1	39	2	1279	1325	18	19	88.285210	LT
5	1	1	1	39	3	1311	1325	46	19	88.285210	TYPE
5	1	1	1	39	4	1373	1325	61	19	94.008911	RADAR
5	1	1	1	39	5	2076	1322	14	18	49.892899	¥
5	1	1	1	39	6	2602	1325	18	19	93.914108	LT
5	1	1	1	39	7	2634	1325	46	19	93.914108	TYPE
5	1	1	1	39	8	2696	1325	60	19	95.094650	RADAR
5	1	1	1	39	9	3302	1313	18	39	31.383308	ys
5	1	1	1	39	10	3809	1322	19	19	95.101189	LT
5	1	1	1	39	11	3841	1322	47	19	93.888153	TYPE
5	1	1	1	39	12	3904	1322	60	19	93.888153	RADAR
5	1	1	1	40	1	698	1349	69	43	66.879364	VN
5	1	1	1	40	2	928	1349	61	43	0.000000	VN
5	1	1	1	40	3	1203	1349	65	43	46.498886	VN]
5	1	1	1	40	4	2011	1349	69	43	35.605473	VN
5	1	1	1	40	5	2242	1349	65	43	35.355751	VN]
5	1	1	1	40	6	2526	1349	65	43	46.498886	VN]
5	1	1	1	40	7	3242	1349	69	43	36.024952	VN
5	1	1	1	40	8	3433	1348	59	44	70.856216	aN
5	1	1	1	40	9	3720	1353	56	28	46.498886	VN]
5	1	1	1	41	1	702	1382	57	28	75.410988	KAY
5	1	1	1	41	2	932	1382	57	28	91.592758	KA
5	1	1	1	41	3	1207	1382	56	28	12.481356	KA}
5	1	1	1	41	4	1303	1395	156	12	49.385303	11528-801-HBy-200
5	1	1	1	41	5	1828	1385	56	56	0.000000	)
5	1	1	1	41	6	2015	1382	57	28	86.595390	KA
5	1	1	1	41	7	2246	1382	57	28	73.533310	KAY
5	1	1	1	41	8	2530	1382	56	28	14.029131	KA]
5	1	1	1	41	9	2626	1395	155	12	0.000000	11528-802-HBy-200
5	1	1	1	41	10	3058	1381	60	64	0.000000	®)
5	1	1	1	41	11	3242	1378	61	37	67.230186	KA
5	1	1	1	41	12	3433	1381	57	28	73.728111	KY
5	1	1	1	41	13	3720	1382	56	28	88.243645	KA
5	1	1	1	42	1	588	1416	22	33	0.000000	PP)
5	1	1	1	42	2	765	1416	24	36	24.438782	Ly]
5	1	1	1	42	3	1039	1415	8	19	73.534378	Uf
5	1	1	1	42	4	1071	1415	34	19	79.701653	TYPE
5	1	1	1	42	5	1135	1415	42	19	2.708797	FAD;
5	1	1	1	42	6	1343	1420	66	17	90.346886	200Ax1
5	1	1	1	42	7	2083	1416	20	36	46.748505	Hi
5	1	1	1	42	8	2632	1423	66	17	89.060669	200Ax1
5	1	1	1	42	9	3309	1417	20	35	20.587479	Ly
5	1	1	1	42	10	3757	1428	156	13	61.000275	11528-803-HBY-200
5	1	1	1	43	1	593	1454	13	14	14.224644	H
5	1	1	1	43	2	648	1450	35	18	5.141449	W180
5	1	1	1	43	3	765	1439	20	49	56.816475	Hl
5	1	1	1	43	4	1432	1451	64	17	95.786407	VENT
5	1	1	1	43	5	1907	1454	13	14	0.000000	Bh
5	1	1	1	43	6	1962	1450	35	18	2.558184	Ni85
5	1	1	1	43	7	2030	1449	69	35	38.821468	(BT
5	1	1	1	43	8	2129	1451	30	29	47.486206	(EE
5	1	1	1	43	9	2755	1451	64	17	95.900681	VENT
5	1	1	1	43	10	3137	1454	14	14	15.548096	nH
5	1	1	1	43	11	3192	1450	35	18	25.854736	W190
5	1	1	1	43	12	3309	1439	20	49	56.816475	Hl
5	1	1	1	43	13	3848	1451	64	17	95.923676	VENT
5	1	1	1	44	1	338	1480	65	15	53.978508	Bowes
5	1	1	1	44	2	419	1480	35	15	41.320076	ofa
5	1	1	1	44	3	504	1472	112	48	4.360933	_Z004x1
5	1	1	1	44	4	584	1460	33	64	38.900368	3)
5	1	1	1	44	5	965	1459	170	73	42.794609	BEC)
5	1	1	1	44	6	1150	1459	118	73	58.907909	Aye)
5	1	1	1	44	7	1291	1459	64	64	23.980017	(Bh)
5	1	1	1	44	8	1414	1476	101	17	61.798328	QUTSIDE
5	1	1	1	44	9	1585	1480	65	15	0.000000	_BOLeR
5	1	1	1	44	10	1666	1480	35	15	57.879227	OFA
5	1	1	1	44	11	1765	1486	66	18	0.000000	__po0qx1
5	1	1	1	44	12	1894	1475	36	45	41.873024	3]
5	1	1	1	44	13	2036	1484	19	13	41.395435	86
5	1	1	1	44	14	2134	1484	20	13	54.172867	86
5	1	1	1	44	15	2274	1464	170	68	0.000000	Gaye
5	1	1	1	44	16	2473	1472	113	56	31.501690	Qe
5	1	1	1	44	17	2614	1456	59	64	40.225449	()
5	1	1	1	44	18	2736	1476	101	17	47.042828	OUTSIDE
5	1	1	1	44	19	2870	1480	66	15	20.110954	_BoweR
5	1	1	1	44	20	2952	1480	35	15	67.301353	OFA
5	1	1	1	44	21	3000	1462	32	62	38.428162	_
5	1	1	1	44	22	3041	1478	66	17	49.101376	200Ax1
5	1	1	1	44	23	3124	1475	37	45	0.000000	3)
5	1	1	1	44	24	3487	1472	289	56	0.000000	CAPA
5	1	1	1	44	25	3793	1466	14	27	22.259979	\"
5	1	1	1	44	26	3830	1476	101	17	43.999859	OUTSIDE
5	1	1	1	45	1	290	1512	142	17	31.946999	12PBO01-PID-200
5	1	1	1	45	2	443	1509	42	25	82.221581	(C-8)
5	1	1	1	45	3	580	1508	18	6	51.229076	=
5	1	1	1	45	4	680	1494	55	62	75.456169	ho
5	1	1	1	45	5	793	1521	2	11	58.875641	|
5	1	1	1	45	6	975	1512	17	15	7.532082	<p
5	1	1	1	45	7	1284	1513	7	8	0.000000	t
5	1	1	1	45	8	1537	1512	142	17	62.315117	12PRO01-PID-200
5	1	1	1	45	9	1690	1509	42	25	84.534904	(C-8)
5	1	1	1	45	10	1894	1499	21	37	0.000000	“I
5	1	1	1	45	11	2044	1518	7	10	42.183880	|
5	1	1	1	45	12	2083	1500	10	37	85.999359	|
5	1	1	1	45	13	2107	1521	1	7	68.173203	|
5	1	1	1	45	14	2284	1512	17	16	37.947578	4
5	1	1	1	45	15	2607	1514	7	8	15.889263	1
5	1	1	1	45	16	2663	1515	38	13	0.000000	TSoax1
5	1	1	1	45	17	2822	1512	142	17	30.126820	12PB001-PID-200
5	1	1	1	45	18	2975	1509	43	25	87.873413	(C-8)
5	1	1	1	45	19	3124	1508	18	6	28.852955	“
5	1	1	1	45	20	3275	1519	6	8	57.335960	4
5	1	1	1	45	21	3314	1499	10	37	90.222740	|
5	1	1	1	45	22	3337	1521	2	11	71.987907	|
5	1	1	1	45	23	3497	1499	21	37	56.725128	9,
5	1	1	1	45	24	3620	1512	7	10	62.248856	6
5	1	1	1	45	25	3713	1526	8	8	68.724915	i
5	1	1	1	45	26	3799	1498	67	17	88.797264	200Ax1
5	1	1	1	46	1	203	1537	16	26	63.954159	E
5	1	1	1	46	2	1273	1530	25	36	27.080666	\f
5	1	1	1	46	3	1773	1539	156	13	49.574818	11528-502—-HBY-200
5	1	1	1	46	4	2600	1527	26	39	11.836262	m4
5	1	1	1	46	5	3707	1539	24	37	43.471657	wd
5	1	1	1	46	6	3768	1543	8	9	33.777905	°
5	1	1	1	46	7	4856	1537	17	26	81.682152	E
5	1	1	1	47	1	456	1558	155	13	22.762150	41528-501-HBY-200
5	1	1	1	47	2	1273	1550	25	33	21.875725	vA
5	1	1	1	47	3	2600	1551	25	31	78.838730	aN
5	1	1	1	47	4	3000	1561	156	12	66.863167	11528-503-HBY-200
5	1	1	1	47	5	3706	1558	22	30	62.791004	&
5	1	1	1	48	1	632	1555	64	64	19.659595	(i)
5	1	1	1	48	2	706	1585	118	17	94.065552	FLEXIBLE
5	1	1	1	48	3	844	1585	59	17	94.065552	HOSE
5	1	1	1	48	4	2013	1585	118	17	94.551811	FLEXIBLE
5	1	1	1	48	5	2151	1585	59	17	94.551811	HOSE
5	1	1	1	48	6	3244	1585	117	17	95.753540	FLEXIBLE
5	1	1	1	48	7	3382	1585	58	17	95.792267	HOSE
5	1	1	1	49	1	958	1601	361	50	40.660820	a
5	1	1	1	49	2	2293	1621	94	19	0.000000	eur
5	1	1	1	49	3	2400	1621	47	19	47.872028	Tire
5	1	1	1	49	4	2463	1621	60	19	3.916855	eae
5	1	1	1	49	5	2610	1625	5	15	9.011908	1
5	1	1	1	49	6	3512	1601	209	50	33.633080	fo
5	1	1	1	50	1	633	1644	61	42	48.348083	VN
5	1	1	1	50	2	1034	1662	126	16	96.960960	RECEPTION
5	1	1	1	50	3	1177	1662	38	16	96.483162	BIN
5	1	1	1	50	4	1233	1662	8	16	73.495010	1
5	1	1	1	50	5	1946	1644	61	42	53.095974	VN
5	1	1	1	50	6	2358	1662	126	16	96.821602	RECEPTION
5	1	1	1	50	7	2501	1662	38	16	95.623962	BIN
5	1	1	1	50	8	2556	1662	10	16	95.623962	2
5	1	1	1	50	9	3181	1644	59	42	35.480278	aS
5	1	1	1	50	10	3533	1662	101	16	96.836830	RECEPTION
5	1	1	1	50	11	3647	1662	31	16	95.955887	BIN
5	1	1	1	50	12	3691	1662	9	16	95.955887	3
5	1	1	1	51	1	633	1673	61	42	81.697342	KA
5	1	1	1	51	2	1054	1686	168	18	75.905296	11520-M-SI-03
5	1	1	1	51	3	1946	1673	61	42	62.341305	KA
5	1	1	1	51	4	2378	1686	168	18	39.824795	11520-M-SI-04
5	1	1	1	51	5	3177	1673	63	42	36.083046	KN]
5	1	1	1	51	6	3543	1686	147	18	42.115814	11520-M-SI-05
5	1	1	1	52	1	213	1738	35	15	0.000000	.
5	1	1	1	52	2	780	1765	4	27	56.038414	|
5	1	1	1	52	3	1491	1765	5	27	55.375900	|
5	1	1	1	52	4	2103	1765	4	28	60.958942	|
5	1	1	1	52	5	2815	1765	5	27	44.919456	|
5	1	1	1	52	6	3307	1716	227	57	61.846272	ae
5	1	1	1	52	7	4836	1736	35	17	78.641426	=
5	1	1	1	53	1	213	1762	31	8	0.000000	¥
5	1	1	1	53	2	754	1764	283	57	33.876556	Can
5	1	1	1	53	3	1237	1765	123	56	23.131151	ED
5	1	1	1	53	4	1465	1764	57	57	0.000000	—F
5	1	1	1	53	5	2077	1765	57	56	37.119335	a
5	1	1	1	53	6	2560	1764	287	57	0.000000	(FJ
5	1	1	1	53	7	4840	1762	31	10	0.000000	-
5	1	1	1	54	1	2256	1804	20	12	45.256149	48
5	1	1	1	55	1	1079	1813	61	43	24.166866	VJ
5	1	1	1	55	2	2404	1813	61	65	0.000000	oo
5	1	1	1	56	1	1079	1846	57	28	35.286591	DI
5	1	1	1	56	2	1274	1870	50	18	36.078018	V182
5	1	1	1	56	3	2404	1846	33	28	79.964531	Dy
5	1	1	1	56	4	2598	1870	50	18	49.261902	v187
5	1	1	1	56	5	3532	1870	46	18	37.282753	vigt
5	1	1	1	57	1	987	1890	56	56	0.000000	e)
5	1	1	1	57	2	1079	1890	117	56	25.976524	EDEN
5	1	1	1	57	3	1232	1890	56	56	25.976524	ED
5	1	1	1	57	4	3542	1890	214	57	44.087631	OS
5	1	1	1	58	1	202	1946	18	26	92.873520	D
5	1	1	1	58	2	4855	1946	18	26	93.029892	D
5	1	1	1	59	1	729	2048	57	14	91.485367	VIBRO
5	1	1	1	59	2	800	2048	75	14	91.587311	FEEDER
5	1	1	1	59	3	902	2048	11	14	89.224014	#E
5	1	1	1	59	4	1363	2048	57	14	91.713699	VIBRO
5	1	1	1	59	5	1434	2048	75	14	90.004189	FEEDER
5	1	1	1	59	6	1536	2048	11	14	87.080643	#D
5	1	1	1	59	7	2053	2048	57	14	91.848900	VIBRO
5	1	1	1	59	8	2125	2048	75	14	89.578239	FEEDER
5	1	1	1	59	9	2227	2048	10	14	89.578239	#C
5	1	1	1	59	10	2687	2048	57	14	91.928185	VIBRO
5	1	1	1	59	11	2759	2048	74	14	93.176537	FEEDER
5	1	1	1	59	12	2861	2048	11	14	74.063797	#B
5	1	1	1	59	13	3282	2048	57	14	92.358658	VIBRO
5	1	1	1	59	14	3354	2048	75	14	96.042419	FEEDER
5	1	1	1	59	15	3455	2049	12	13	47.793179	#4
5	1	1	1	60	1	646	2058	44	23	62.605034	(unt
5	1	1	1	60	2	705	2058	14	23	62.605034	1)
5	1	1	1	60	3	741	2065	51	17	44.235912	FRR
5	1	1	1	60	4	806	2048	95	34	0.000000	WERE
5	1	1	1	60	5	882	2044	20	48	29.453840	se
5	1	1	1	60	6	1375	2065	51	17	11.870098	Peasy
5	1	1	1	60	7	1440	2048	95	34	0.000000	Weecos>
5	1	1	1	60	8	1556	2058	44	23	74.141006	(UNIT
5	1	1	1	60	9	1615	2058	14	23	59.838554	1)
5	1	1	1	60	10	1971	2058	44	23	54.484566	(unt
5	1	1	1	60	11	2029	2058	14	23	54.484566	1)
5	1	1	1	60	12	2065	2065	52	17	32.693703	TERS
5	1	1	1	60	13	2131	2048	94	34	2.709150	WERE
5	1	1	1	60	14	2207	2044	20	48	30.412312	st
5	1	1	1	60	15	2699	2065	52	17	0.000000	PPS
5	1	1	1	60	16	2765	2048	94	34	18.136244	VEER
5	1	1	1	60	17	2843	2044	24	48	18.136244	SE?
5	1	1	1	60	18	2881	2058	44	23	17.307730	(unr
5	1	1	1	60	19	2939	2058	14	23	68.249680	1)
5	1	1	1	60	20	3200	2058	44	23	58.535004	(unt
5	1	1	1	60	21	3259	2058	14	23	58.535004	1)
5	1	1	1	60	22	3295	2065	51	17	26.515297	FRB
5	1	1	1	60	23	3360	2048	95	34	0.000000	Eeebse
5	1	1	1	61	1	728	2099	57	14	92.434402	VIBRO
5	1	1	1	61	2	800	2099	75	14	96.287415	FEEDER
5	1	1	1	61	3	901	2100	12	13	63.714291	#4
5	1	1	1	61	4	1363	2099	57	14	0.000000	VIBRO_
5	1	1	1	61	5	1434	2099	75	14	91.532738	FEEDER
5	1	1	1	61	6	1536	2099	11	14	87.884544	#B
5	1	1	1	61	7	2053	2099	57	14	91.848900	VIBRO
5	1	1	1	61	8	2125	2099	75	14	89.578239	FEEDER
5	1	1	1	61	9	2227	2099	10	14	89.578239	#C
5	1	1	1	61	10	2687	2099	57	14	92.026688	VIBRO
5	1	1	1	61	11	2759	2099	74	14	92.461815	FEEDER
5	1	1	1	61	12	2861	2099	11	14	41.930832	#D
5	1	1	1	61	13	3284	2099	57	14	92.200851	VIBRO
5	1	1	1	61	14	3355	2099	75	14	92.921341	FEEDER
5	1	1	1	61	15	3457	2099	11	14	90.205093	#E
5	1	1	1	62	1	646	2107	44	24	52.281551	(unt
5	1	1	1	62	2	703	2107	16	24	68.060799	2)
5	1	1	1	62	3	741	2116	51	17	36.167713	PRS
5	1	1	1	62	4	806	2099	94	34	6.221428	Weak
5	1	1	1	62	5	1375	2116	51	17	13.447981	Pes
5	1	1	1	62	6	1440	2099	95	34	0.000000	Wzcost>
5	1	1	1	62	7	1556	2108	44	23	73.659882	(UNIT
5	1	1	1	62	8	1613	2107	16	24	73.659882	2)
5	1	1	1	62	9	1971	2107	44	24	66.878380	(unit
5	1	1	1	62	10	2027	2108	16	23	66.878380	2)
5	1	1	1	62	11	2065	2116	52	17	46.400215	TERS
5	1	1	1	62	12	2131	2099	94	34	16.067734	WERE
5	1	1	1	62	13	2207	2095	20	48	27.383694	st
5	1	1	1	62	14	2699	2116	52	17	0.000000	PPS
5	1	1	1	62	15	2765	2099	94	34	6.792459	VEER
5	1	1	1	62	16	2843	2095	24	48	16.903172	SP?
5	1	1	1	62	17	2881	2107	44	24	66.868782	(UNIT
5	1	1	1	62	18	2937	2108	16	23	66.868782	2)
5	1	1	1	62	19	3201	2107	44	24	81.650909	(UNT
5	1	1	1	62	20	3258	2107	16	24	89.076492	2)
5	1	1	1	62	21	3296	2116	51	17	23.122028	PRES
5	1	1	1	62	22	3361	2099	95	34	19.691191	TRE
5	1	1	1	62	23	3424	2095	5	47	0.000000	R
5	1	1	1	62	24	3435	2095	25	47	31.280270	SE
5	1	1	1	63	1	1007	2144	124	13	79.298622	1520-E-MT-16
5	1	1	1	63	2	1145	2144	121	13	60.232090	11520-E-MT-1
5	1	1	1	63	3	2322	2144	133	13	0.000000	f1520-E-MT—18
5	1	1	1	63	4	2470	2144	121	13	77.357903	11520-E-MT-1
5	1	1	1	63	5	3562	2144	124	13	72.992065	1520-E-MT-20
5	1	1	1	64	1	886	2195	50	16	27.943659	=
5	1	1	1	64	2	1341	2195	49	16	0.000000	—s
5	1	1	1	64	3	2210	2195	50	16	19.334936	i
5	1	1	1	64	4	2665	2182	55	39	24.052620	al
5	1	1	1	64	5	3441	2195	49	16	3.201971	—
5	1	1	1	65	1	819	2192	145	130	52.298294	lee
5	1	1	1	65	2	1311	2248	113	56	18.884096	B®
5	1	1	1	65	3	2176	2248	113	56	55.327496	EO
5	1	1	1	65	4	2635	2248	113	56	35.247925	OB
5	1	1	1	66	1	789	2290	20	20	1.301861	&
5	1	1	1	66	2	869	2287	20	12	94.290283	80
5	1	1	1	66	3	927	2283	23	23	76.275978	80,
5	1	1	1	66	4	1463	2283	23	31	82.425346	<>
5	1	1	1	66	5	2113	2290	20	20	66.760956	&
5	1	1	1	66	6	2791	2289	20	21	63.239483	>
5	1	1	1	66	7	3344	2290	20	20	27.230911	&
5	1	1	1	66	8	3424	2287	20	12	87.454178	98
5	1	1	1	66	9	3482	2287	19	12	93.379265	98
5	1	1	1	67	1	644	2285	57	45	42.573742	vas
5	1	1	1	67	2	800	2313	28	20	5.846920	ob
5	1	1	1	67	3	876	2278	62	46	0.000000	OAS
5	1	1	1	67	4	1336	2277	63	47	25.096325	WANS
5	1	1	1	67	5	1448	2313	27	20	17.966442	ae
5	1	1	1	67	6	1499	2286	58	74	71.682457	@)
5	1	1	1	67	7	1575	2300	57	27	39.715958	WN
5	1	1	1	67	8	1969	2300	57	27	41.052204	VN
5	1	1	1	67	9	2044	2286	58	74	27.879143	@)
5	1	1	1	67	10	2125	2313	27	20	4.513750	SS
5	1	1	1	67	11	2201	2278	62	46	31.571384	CANS
5	1	1	1	67	12	2664	2283	56	33	27.964138	a
5	1	1	1	67	13	2772	2313	27	20	34.924789	Pt
5	1	1	1	67	14	2824	2290	61	70	68.247803	@)
5	1	1	1	67	15	2899	2300	57	28	54.513260	VN]
5	1	1	1	67	16	3199	2300	57	28	25.030041	a
5	1	1	1	67	17	3355	2313	28	20	37.426945	Ss
5	1	1	1	67	18	3431	2278	63	47	27.850651	BANS
5	1	1	1	68	1	202	2355	19	26	66.214493	C
5	1	1	1	68	2	644	2329	57	28	51.247906	NAF
5	1	1	1	68	3	739	2329	70	23	17.742739	e077
5	1	1	1	68	4	851	2329	57	28	42.869839	ZN]
5	1	1	1	68	5	1368	2329	57	28	54.173031	VN]
5	1	1	1	68	6	1467	2329	20	20	0.000000	|°
5	1	1	1	68	7	1571	2325	65	43	60.451260	KA]
5	1	1	1	68	8	1965	2325	65	43	63.771496	MA]
5	1	1	1	68	9	2113	2329	119	28	12.249622	CAA
5	1	1	1	68	10	2692	2329	57	28	46.565498	VN)
5	1	1	1	68	11	2791	2329	20	20	31.120125	|e
5	1	1	1	68	12	2895	2325	61	42	81.577324	KA
5	1	1	1	68	13	3199	2329	57	28	48.642673	KAT
5	1	1	1	68	14	3294	2329	70	23	37.296097	87S)
5	1	1	1	68	15	3406	2329	57	28	60.781822	ZN
5	1	1	1	68	16	4855	2355	19	26	63.919327	C
5	1	1	1	69	1	722	2379	100	18	8.959703	u-tis}
5	1	1	1	69	2	851	2358	57	28	51.164680	BA
5	1	1	1	69	3	923	2379	49	27	10.774927	=
5	1	1	1	69	4	1014	2382	51	19	41.374832	183
5	1	1	1	69	5	1210	2368	63	42	3.855600	yisq4
5	1	1	1	69	6	1283	2379	69	27	44.290653	=
5	1	1	1	69	7	1368	2358	93	34	16.815891	SATE
5	1	1	1	69	8	1476	2373	81	18	23.018198	wri
5	1	1	1	69	9	2047	2379	100	18	0.000000	wtpies
5	1	1	1	69	10	2176	2358	56	28	53.509529	SA
5	1	1	1	69	11	2244	2370	149	41	0.000000	[/——!vi88
5	1	1	1	69	12	2538	2369	139	41	0.000000	visg=—
5	1	1	1	69	13	2692	2358	57	28	18.158159	S40
5	1	1	1	69	14	2801	2373	80	18	0.000000	enpi7
5	1	1	1	69	15	3277	2379	100	18	0.000000	u-tig}
5	1	1	1	69	16	3406	2358	57	28	53.243301	BAI
5	1	1	1	69	17	3488	2371	69	41	0.000000	(——
5	1	1	1	69	18	3583	2381	50	19	0.000000	192
5	1	1	1	70	1	738	2418	87	38	13.021927	\V525H¥
5	1	1	1	70	2	876	2407	64	64	41.285759	(2)
5	1	1	1	70	3	1335	2407	64	64	8.207302	(&)
5	1	1	1	70	4	1450	2418	84	38	24.525887	¥\V524H
5	1	1	1	70	5	2062	2418	87	38	10.478201	\V523H¥®
5	1	1	1	70	6	2201	2407	60	49	51.154076	aN
5	1	1	1	70	7	2660	2407	64	64	0.000000	(By)
5	1	1	1	70	8	2775	2422	83	29	9.570045	#V522H
5	1	1	1	70	9	3297	2422	83	29	69.401810	V521H¥
5	1	1	1	70	10	3431	2407	64	64	44.256290	(2)
5	1	1	1	71	1	660	2450	157	24	73.038116	71118-525H-HCY-15]
5	1	1	1	71	2	1455	2450	161	24	17.174149	[71118-524H-HCY-15
5	1	1	1	71	3	1985	2450	156	24	80.188362	71118-523H-HCY-15]
5	1	1	1	71	4	2203	2441	58	33	66.873322	Woo
5	1	1	1	71	5	2780	2450	26	24	0.000000	1711
5	1	1	1	71	6	2812	2454	128	13	0.000000	18-522H-HCY-15
5	1	1	1	71	7	3215	2454	157	13	77.178215	71118-521H-HCY-15]
5	1	1	1	72	1	1019	2568	59	17	95.792725	FROM
5	1	1	1	72	2	1098	2568	59	17	95.792725	COAL
5	1	1	1	72	3	1220	2568	60	17	95.331352	FROM
5	1	1	1	72	4	1300	2568	59	17	91.831841	COAL
5	1	1	1	72	5	2344	2568	59	17	96.183128	FROM
5	1	1	1	72	6	2423	2568	59	17	96.410812	COAL
5	1	1	1	72	7	2545	2568	59	17	95.923447	FROM
5	1	1	1	72	8	2624	2568	59	17	81.475754	COAL
5	1	1	1	72	9	3574	2568	59	17	95.993477	FROM
5	1	1	1	72	10	3653	2568	59	17	95.601982	COAL
5	1	1	1	73	1	1046	2593	54	17	91.059067	SILO
5	1	1	1	73	2	1120	2593	11	17	90.398666	E
5	1	1	1	73	3	1247	2593	54	17	91.603584	SILO
5	1	1	1	73	4	1321	2593	12	17	91.603584	D
5	1	1	1	73	5	2370	2593	54	17	88.275063	SILO
5	1	1	1	73	6	2444	2593	11	17	88.275063	C
5	1	1	1	73	7	2571	2593	55	17	91.160522	SILO
5	1	1	1	73	8	2646	2593	11	17	91.160522	B
5	1	1	1	73	9	3600	2593	55	17	88.067612	SILO
5	1	1	1	73	10	3675	2593	11	17	93.071579	4
5	1	1	1	74	1	1038	2618	64	18	11.396580	(UNIT
5	1	1	1	74	2	1122	2618	17	18	70.947357	1
5	1	1	1	74	3	1239	2618	64	18	71.651398	(UNIT
5	1	1	1	74	4	1324	2618	17	18	74.020966	1>
5	1	1	1	74	5	2362	2618	64	18	58.275078	(UNIT
5	1	1	1	74	6	2447	2619	17	17	70.256889	1>
5	1	1	1	74	7	2563	2618	65	18	1.766634	(UNIT
5	1	1	1	74	8	2648	2619	17	17	76.963776	1)
5	1	1	1	74	9	3592	2618	65	18	81.763962	<UNIT
5	1	1	1	74	10	3677	2618	17	18	63.653629	1)
5	1	1	1	75	1	1019	2652	59	18	94.588379	FROM
5	1	1	1	75	2	1098	2652	59	18	96.115311	COAL
5	1	1	1	75	3	1220	2652	60	18	94.664284	FROM
5	1	1	1	75	4	1300	2652	59	18	95.510704	COAL
5	1	1	1	75	5	2344	2652	59	18	94.596840	FROM
5	1	1	1	75	6	2423	2652	59	18	83.371811	COAL
5	1	1	1	75	7	2545	2652	59	18	94.876472	FROM
5	1	1	1	75	8	2624	2652	59	18	96.467964	COAL
5	1	1	1	75	9	3574	2652	59	18	95.021927	FROM
5	1	1	1	75	10	3653	2652	59	18	96.227280	COAL
5	1	1	1	76	1	1046	2678	54	17	95.399895	SILO
5	1	1	1	76	2	1120	2678	11	16	88.919754	4
5	1	1	1	76	3	1247	2678	54	17	92.073311	SILO
5	1	1	1	76	4	1321	2678	12	17	92.073311	B
5	1	1	1	76	5	2370	2678	54	17	86.621689	SILO
5	1	1	1	76	6	2444	2678	11	17	86.621689	C
5	1	1	1	76	7	2572	2678	54	17	89.263885	SILO
5	1	1	1	76	8	2646	2678	11	17	89.263885	D
5	1	1	1	76	9	3601	2678	54	17	88.362885	SILO
5	1	1	1	76	10	3675	2678	11	17	88.362885	E
5	1	1	1	77	1	1035	2703	64	17	65.971230	(UNIT
5	1	1	1	77	2	1120	2703	22	17	68.620712	2)
5	1	1	1	77	3	1236	2703	65	17	6.773844	(UNIT
5	1	1	1	77	4	1321	2703	22	17	90.290482	2)
5	1	1	1	77	5	2359	2703	65	17	1.849861	(UNIT
5	1	1	1	77	6	2444	2703	22	17	89.276405	2)
5	1	1	1	77	7	2561	2703	64	17	31.950932	(UNIT
5	1	1	1	77	8	2645	2703	23	17	81.378761	2>
5	1	1	1	77	9	3590	2703	64	17	66.552643	(UNIT
5	1	1	1	77	10	3675	2703	22	17	78.636459	2)
5	1	1	1	78	1	202	2764	18	26	0.000000	:
5	1	1	1	78	2	4855	2764	18	26	7.198315	:
5	1	1	1	79	1	838	2816	55	16	95.517410	COAL
5	1	1	1	79	2	908	2816	86	16	93.112190	FEEDER
5	1	1	1	79	3	1011	2816	27	21	83.862091	#E
5	1	1	1	79	4	1055	2813	43	24	95.620338	(UNIT
5	1	1	1	79	5	1113	2813	14	24	95.732468	1)
5	1	1	1	79	6	1250	2813	44	24	78.636314	(UNIT
5	1	1	1	79	7	1309	2813	14	24	92.926376	1)
5	1	1	1	79	8	1340	2816	54	16	96.368675	COAL
5	1	1	1	79	9	1409	2816	87	16	96.484032	FEEDER
5	1	1	1	79	10	1513	2816	27	21	85.666748	4D
5	1	1	1	79	11	2163	2816	54	16	96.524132	COAL
5	1	1	1	79	12	2232	2816	86	16	93.038033	FEEDER
5	1	1	1	79	13	2336	2816	26	20	91.284256	#C
5	1	1	1	79	14	2384	2813	44	24	91.949440	(UNIT
5	1	1	1	79	15	2443	2813	13	24	86.040840	1)
5	1	1	1	79	16	2575	2813	43	24	72.964378	(UNIT
5	1	1	1	79	17	2633	2813	14	24	92.912766	1)
5	1	1	1	79	18	2664	2816	55	16	96.670959	COAL
5	1	1	1	79	19	2734	2816	86	16	95.662621	FEEDER
5	1	1	1	79	20	2837	2816	27	21	49.386681	4B
5	1	1	1	79	21	3393	2816	54	16	96.131859	COAL
5	1	1	1	79	22	3463	2816	86	16	96.551384	FEEDER
5	1	1	1	79	23	3566	2816	27	21	51.840126	#4
5	1	1	1	79	24	3610	2813	43	24	95.858223	(UNIT
5	1	1	1	79	25	3668	2813	14	24	81.505516	1)
5	1	1	1	80	1	838	2843	54	16	96.583839	COAL
5	1	1	1	80	2	908	2843	86	16	96.398582	FEEDER
5	1	1	1	80	3	1011	2843	27	20	33.737354	#4
5	1	1	1	80	4	1055	2840	43	23	95.892975	(UNIT
5	1	1	1	80	5	1111	2840	16	24	96.718170	2)
5	1	1	1	80	6	1250	2840	44	24	83.816078	(UNIT
5	1	1	1	80	7	1307	2840	16	23	90.268913	2)
5	1	1	1	80	8	1340	2843	54	16	96.284065	COAL
5	1	1	1	80	9	1409	2843	87	16	96.290672	FEEDER
5	1	1	1	80	10	1513	2843	27	20	93.075302	4B
5	1	1	1	80	11	2163	2843	54	16	96.558624	COAL
5	1	1	1	80	12	2232	2843	86	16	88.554482	FEEDER
5	1	1	1	80	13	2336	2843	26	20	88.554482	#C
5	1	1	1	80	14	2384	2840	44	24	90.877701	(UNIT
5	1	1	1	80	15	2441	2840	15	23	96.754890	2)
5	1	1	1	80	16	2575	2840	43	23	82.034225	(UNIT
5	1	1	1	80	17	2631	2840	16	24	89.797577	2)
5	1	1	1	80	18	2664	2843	55	16	96.703339	COAL
5	1	1	1	80	19	2734	2843	86	16	93.157379	FEEDER
5	1	1	1	80	20	2837	2843	27	20	87.414825	#D
5	1	1	1	80	21	3393	2843	55	16	96.243011	COAL
5	1	1	1	80	22	3463	2843	86	16	93.187950	FEEDER
5	1	1	1	80	23	3566	2843	27	20	79.788696	#E
5	1	1	1	80	24	3610	2840	43	23	96.237343	(UNIT
5	1	1	1	80	25	3666	2840	16	24	96.389854	2)
5	1	1	1	81	1	662	2987	137	17	80.622414	PULVERIZER
5	1	1	1	81	2	817	2988	26	20	80.622414	#E
5	1	1	1	81	3	858	2985	43	24	78.549057	(UNIT
5	1	1	1	81	4	916	2985	14	24	79.361603	1)
5	1	1	1	81	5	1457	2987	138	17	91.561104	PULVERIZER
5	1	1	1	81	6	1612	2987	27	21	38.307247	¢D
5	1	1	1	81	7	1654	2985	43	24	88.152313	(UNIT
5	1	1	1	81	8	1712	2985	14	24	36.770164	1)
5	1	1	1	81	9	1986	2987	138	17	90.632065	PULVERIZER
5	1	1	1	81	10	2141	2988	26	20	60.617500	#C
5	1	1	1	81	11	2182	2985	44	24	86.736549	(UNIT
5	1	1	1	81	12	2241	2985	14	24	94.181496	1)
5	1	1	1	81	13	2782	2987	137	17	85.549187	PULVERIZER
5	1	1	1	81	14	2937	2987	27	21	71.233093	#B
5	1	1	1	81	15	2978	2985	44	24	65.217445	(UNIT
5	1	1	1	81	16	3037	2985	13	24	95.490257	1)
5	1	1	1	81	17	3310	2987	138	17	92.472389	PULVERIZER
5	1	1	1	81	18	3465	2988	27	20	88.071556	#A
5	1	1	1	81	19	3507	2985	43	24	89.466095	(UNIT
5	1	1	1	81	20	3565	2985	14	24	63.048889	1)
5	1	1	1	82	1	661	3015	138	16	86.956413	PULVERIZER
5	1	1	1	82	2	816	3015	27	21	84.193008	#A
5	1	1	1	82	3	858	3013	43	23	96.182053	(UNIT
5	1	1	1	82	4	914	3013	16	23	96.327087	2)
5	1	1	1	82	5	1457	3015	138	16	92.465881	PULVERIZER
5	1	1	1	82	6	1612	3015	27	21	71.476067	4B
5	1	1	1	82	7	1653	3013	44	23	82.514099	(UNIT
5	1	1	1	82	8	1710	3013	16	23	95.781410	2)
5	1	1	1	82	9	1986	3015	138	16	90.686607	PULVERIZER
5	1	1	1	82	10	2141	3015	26	21	36.119572	#C
5	1	1	1	82	11	2182	3012	44	24	87.098259	(UNIT
5	1	1	1	82	12	2239	3013	16	23	92.711365	2)
5	1	1	1	82	13	2782	3015	137	16	91.647865	PULVERIZER
5	1	1	1	82	14	2937	3015	27	20	57.984661	#D
5	1	1	1	82	15	2978	3013	44	23	89.885345	(UNIT
5	1	1	1	82	16	3034	3013	17	23	96.546684	2)
5	1	1	1	82	17	3310	3015	138	16	80.054466	PULVERIZER
5	1	1	1	82	18	3466	3015	26	20	80.054466	#E
5	1	1	1	82	19	3506	3013	44	23	81.163475	(UNIT
5	1	1	1	82	20	3563	3013	16	23	95.888382	2)
5	1	1	1	83	1	4305	3146	11	18	91.819794	P
5	1	1	1	83	2	4330	3146	14	19	91.819794	&
5	1	1	1	83	3	4356	3146	5	18	96.813332	I
5	1	1	1	83	4	4372	3146	107	19	96.598656	DIAGRAM
5	1	1	1	84	1	202	3173	19	25	96.901512	A
5	1	1	1	84	2	772	3178	137	28	32.657173	ae
5	1	1	1	84	3	2082	3178	148	27	40.570770	a
5	1	1	1	84	4	2873	3178	153	27	28.689356	a
5	1	1	1	84	5	3982	3173	46	15	37.458019	nme
5	1	1	1	84	6	4151	3186	45	18	96.604233	DRY
5	1	1	1	84	7	4207	3185	97	19	96.031631	BOTTOM
5	1	1	1	84	8	4315	3185	46	19	96.762794	ASH
5	1	1	1	84	9	4374	3185	121	19	96.972649	HANDLING
5	1	1	1	84	10	4506	3185	85	19	94.259964	SYSTEM
5	1	1	1	84	11	4611	3186	48	22	94.259964	(5/5)
5	1	1	1	84	12	4855	3173	20	26	96.607582	A
5	1	1	1	85	1	4622	3242	57	14	96.684273	SCALE
5	1	1	1	85	2	4742	3242	57	14	96.353287	SHEET
5	1	1	1	86	1	3984	3256	80	14	96.108658	PROJECT
5	1	1	1	86	2	4079	3256	80	14	96.086922	DRAWING
5	1	1	1	87	1	3931	3343	143	42	10.302105	PEL
5	1	1	1	87	2	4116	3343	75	42	16.966419	fm
5	1	1	1	87	3	4217	3319	55	81	27.779121	|
5	1	1	1	87	4	4325	3319	196	81	0.000000	vsianasoe
5	1	1	1	87	5	4591	3343	235	42	34.328518	[+
5	1	1	1	88	1	1676	3412	16	26	80.288689	6
5	1	1	1	88	2	2246	3412	18	26	95.814034	5
5	1	1	1	88	3	2523	3395	37	35	61.611763	Alt
5	1	1	1	88	4	2816	3412	19	26	96.015701	4
5	1	1	1	88	5	3391	3412	18	26	90.382027	3
5	1	1	1	88	6	3965	3413	16	24	95.377441	2
5	1	1	1	88	7	4532	3412	7	26	78.714310	1
